Arnold,Hanslmeier
Julia,Thalmann
Astrid,Veronig
Manuela,Temmer
Werner,Poetzi
Ewan,Dickson
Christian,Moestl
Karin,Dissauer
Aaron,Hernández-Pérez
Stefan Joham,Hofmeister
Martin,Reiss
Kamalam,Vanninathan
Stefan,Thonhofer
Birgit,Lemmerer
Teimuraz,Zaqarashvili
Stefaan,Poedts
Tom,van Doorsselaere
Rony,Keppens
Giovanni,Lapenta
Fabio,Bacchini
Francesco,Zuccarello
Vyacheslav,Olshevsky
Patrick,Antolin
Veronika,Reznikova
Marcel,Goossens
Ali,Ben Moussa
Boris,Giordanengo
Samuel,Gissot
Luciano,Rodriguez
Dan,Seaton
Matthew,West
Andrei,Zhukov
Veronique,de Louille
Susanna,Parenti
Jasmine,Magdalenic
Dolla,Laurent
Mierla,Marilena
Benjamin,Mampaey
Boris,Komitov
Peter,Duchlev
Roman,Brajsa
Bojan,Vrsnak
Davor,Sudar
Tomislav,Zic
Mateja,Dumbovic
Elena,Dzifcakova
Jan,Jurcak
Hana,Meszarosova
Michal,Sobotka
Jiri,Stepan
Petr,Heinzel
Pavel,Ambroz
Vaclav,Bumba
Miroslav,Klvana
Michal,Svanda
Jana,Kasparova
Miroslav,Bárta
Ake,Nordlund
Klaus,Galsgaard
Morten,Presmann
Emilia,Kilpua
Rami,Vainio
Hannu,Koskinen
Katerina,Andreeova
Alexandr,Afanasiev
Jens,Pomoell
Heili,Hietala
Alexey,Isavnin
Kaveli,Mursula
Ilya,Usoskin
Virtanen,Ilpo
Eleanna,Asvestari
Lauri,Holappa
Silja,Pohjolainen
Alexandr,Riehokainen
Eino,Valtonen
Alexandr,Afanasiev
Markus,Battarbee
Matthieu,Kretzschmar
Eric,Buchlin
Thierry,Appourchaux
Jean-Claude,Vial
Gabriel,Pelouze
Goetz,Stellmacher
Frederic,Auchere
Frederic,Baudin
Karine,Bocchialini
Patrick,Boumier
Carlos,Dominguez
Jacques,Dubau
Clara,Froment
Vincent,Joulin
Jacques,Solomon
Guillaume,Aulanier
Véronique,Bommier
Jean-Marie,Malherbe
Etienne,Pariat
Brigitte,Schmieder
Nicole,Vilmer
Alain,Doressoundiram
Carine,Briand
Gilbert,Chambe
Pierre,Mein
Nicole,Mein
Claude,Mercier
Jacques,Moity
Guillaume,Molodij
Gherardo,Valori
Kévin,Dalmasse
Stuart A.,Gilchrist
Sophie,Masson
Pascal,Démoulin
Richard,Muller
Thierry,Roudier
Laurene,Jouve
Arturo,López Ariste
Michel,Rieutord
Claude,Aime
Marianne,Faurobert
Gilbert,Ricort
Thierry,Corbard
David,Salabert
Bernard,Gelly
Frédéric,Paletou
Jean-Michel,Glorian
François,Leblanc
Jean-Yves,Chaufray
Rafael,Garcia
Allan-Sacha,Brun
Nadine,Afram
Nazaret,Bello Gonzalez
Juan Manuel,Borrero
Catherine,Fischer
Morten,Franz
Riener,Hammer
Reza,Rezaei
Markus,Roth
Rolf,Schlichenmaier
Dirk,Soltau
Joachim,Staiger
Oskar,von der Lühe
Sanjay,Gosain
Nadiia,Kostogryz
Christian,Bethge
Svetlana,Berdyugina
Thomas,Berkefeld
Peter,Caligari
Karin,Gerber
Vigeesh,Gangadharan
Daniel,Gisler
Oskar,Steiner
Kolja,Glogowski
Clemens,Halbgewachs
Frank,Heidecke
Thomas,Keller
Thomas,Kentischer
Christoph,Kiess
Anastasios,Nesis
Johannes,Löhner-Böttcher
René,Salhab
Ariane,Schad
Thomas,Scheiffelen
Helmod,Schleicher
Wolfgang,Schmidt
Michael,Sigwarth
Irina,Thaler
Reiner,Volkmer
Aneta,Wisniewska
Hubertus,Wöhl
Taras,Yakobchuk
Peter,Barthol
Jorg,Buchner
Robert,Cameron
Werner,Curdt
Sanja,Danilovic
Achim,Gandorfer
Bernd,Inhester
Davina,Innes
Nagaraju,Krishnappa
Natalie,Krivova
Andreas,Lagg
Tino,Riethmüller
Jesper,Schou
Udo,Schuhle
Manfred,Schussler
Alexander,Shapiro
Michiel,van Noort
Jörn,Warnecke
Thomas,Wiegelmann
Joachim,Woch
Alex,Feller
Sami,Solanki
Laurent,Gizon
Krzysztof,Baczynski
Stephan,Barra
Benjamin,Beeck
Radoslav,Bucik
Iulia,Chifu
Lakshmi,Chitta
Hans-Peter,Doerr
Ricardo,Gafeira
Johann,Hizberger
Francisco,Iglesias
Anjali,Kaithakkal
Reinhard,Meller
Chaozhou,Mou
Peter,Hardi
Tino,Riethmüller
Luca,Teriaca
Fabien,Widmer
Xinhua,Zhao
Kok Leng,Yeo
Raymond,Burston
Adem,Saglam
Hannah,Schunker
Volker,Bothmer
Franz,Kneer
Eberhard,Wiehr
Björn,Löptien
Swetlana,Hubrig
Carsten,Denker
Horst,Balthasar
Klaus,Puschmann
Rohan E.,Louis
Christoph,Kuckein
Jürgen,Rendtel
Meetu,Verma
Sergio Javier,González Manrique
Bernhard,Kliem
Gottfried,Mann
Klaus,Strassmeier
Thorsten,Carroll
Andrea,Dierke
Philipp ,Kummerow
Stephan,Braune
Frank,Breitling
James,Anderson
Christian,Vocks
Alexander,Warmuth
Rainer,Arlt
Valliappan,Senthamizh Pavai
Costis,Gontikakis
Manolis,Georgoulis
Petros,Syntelis
Kanaris,Tsinganos
Loukas,Vlahos
Heinz,Isliker
Michaila,Dimitropoulou
Anastasios,Anastasiadis
Iannis,Kontogiannis
Sung-Hong,Park 
Georgia,Tsiropoula
Kostas ,Tziotziou
Athanassios,Thanassis
Antonis ,Paschalis 
Preka,Panagiota
Alexander,Nindos
Spyros,Patsourakos
Constantine,Alissandrakis
Kristof ,Petrovay
Emese,Forgács-Dajka
Bernadett,Belucz
Shaun,Bloomfield
Peter,Gallagher
Lucia,Abbo
Ester,Antonucci
Alessandro,Bemporad
Silvio,Giordano
Salvatore,Mancuso
Daniele,Telloni
Luca,Zangrilli
Gianna,Cauzzi
David,Graham
Mauro,Focardi
Federico,Landini
Maurizio,Pancrazzi
Giannina,Poletto
Stefano,Pucci
Paolo,Romano
Daniele,Spadaro
Salvatore,Guglielmino
Francesca,Zuccarello
Thomas,Straus
Vincenzo,Andretta
Muarizio,Oliviero
Clementiana,Sasso
Massimo,Guarrasi
Angela,Ciaravella
Salvatore,Orlando
Sergio,Terzo
Ilaria,Ermolli
Fabrizio,Giorgi
Marco,Stangalini
Alice,Cristaldi
Marco,Giannattasio
Valeria,Mangano
Stefano,Massetti
Egidio,Landi degl'Innocenti
M.,Landi degl'Innocenti
Marco,Romoli
Andrea,Verdini
Simone,Landi
Marco,Barbera
Giovanni,Peres
Fabio,Reale
Vincenzo,Carbone
Antonella,Greco
Fabio ,Lepreti
Leonardo ,Primavera
Gaetano,Zimbardo
Franceso,Berrilli
David,Del Moro
Ermano,Pietropaolo
Giuseppe,Pucacco
Roberta,Forte
Luca,Giovannelli
Mija,Lovric
Fulvia,Pucci
Stefano,Scardigli
Robert ,Hammerschlag
Christoph,Keller
Frans,Snik
Piyali,Chatterjee
Boris,Gudiksen
Shahin,Jafarzadeh
Yoshiaki,Kato
Hsiao-Hsuan,Lin
Ada,Ortiz Carbonell
Tiago,Pereira
Luc,Rouppe van der Voort
Robert,Rutten
Mikolaj,Szydlarski
Gregal,Vissers
Sven,Wedemeyer-Böhm
Pia,Zacharias
Viggo,Hansteen
Mats,Carlsson
Sven,Wedemeyer
Shahin,Jafarzadeh
Yoshiaki,Kato
Jack,Carlyle
Bart Walter,De Pontieu
Ainar,Drews
Oddbjorn,Engvold
Thomas,Golding
Stein,Haugan
Kanella,Charambolos
Marianne,Omang
Bhavna,Rathore
Aswin,Sekhar
Martin,Wiesmann
Hakon,Skogsrud
K.,Olluri
Dan Henrik,Sekse
Arkadiusz,Berlicki
Tomasz,Mrozek
Michal,Tomczak
Piotr,Kolaczek-Szymanski
Z.,Szaforz
Marek,St??licki
A.,Wawrzaszek
W.,Macek
S.,Grzedzielski
A.,Czechowski
R.,Ratkiewicz
Janusz,Sylwester
Marek,Siarkowski
Szymon,Gburek
Magdalena,Gryciuk
Anna,Kepa
Miroslaw,Kowalinski
Piotr,Podgorski
Barbara,Sylwester
João,Fernandes
Marcela,Bodnarova
Petr,Gömöry
Julius,Koza
Ales,Kucera
Vojtech,Rusin
Jan,Rybak
Pavol,Schwartz
Matus,Kozak
Radka,Vaskova
Juraj,Kavka
Iñigo,Arregui
Andrés,Asensio Ramos
Valetin,Martínez-Pillet
Manuel,Collados
Hector,Socas Navarro
Jorge,Sanchez-Almeida
Ángel,De Vicente
Damian,Fabian
Elena,Khomenko
Manuel,Luna
Rafael ,Manso Sainz
María Jesús,Martínez González
Fernando,Moreno Insertis
David,Orozco Suárez
Basilio,Ruíz Cobo
Nikola,Vitas
Javier,Trujillo Bueno
Irantzu,Calvo Santamaría
Tanausú,del Pino Alemán
Adur,Pastor Yabar
Ana Belén,Griñón Marin
Ernest,Alsina Ballester
Jovo,Vranjes
Melania,Cubas Armas
Pere,Pallé Manzano
Antonio,Jiménez
Fernando,Pérez Hernández
Teodoro,Roca Cortés
Clara,Régulo
Manuel,Díaz Alfaro
Consuelo,Cid Tortuero
Judith,Palacios Hernandez
Javier,Rodriguez-Pacheco
Raúl,Gómez Herrero
Juan José,Blanco Ávalos
Kazi A.,Firoz
M.A.,Hidalgo
A.,Guerreo
E.,Saiz
Y.,Cerrato
Blai,Sanahuja
Angels,Aran-Sensat
Neus,Agueda
Julian,Blanco Rodriguez
Esteban,Sanchis Kilders
Vicente,Domingo
Iballa,Cabello
Jose Luis,Ballester
Ramón,Oliver
Marc,Carbonell
Jaume,Terradas
Antonio,Diaz
Maciej,Zapior
Roberto,Soler
David,Martínez-Gómez
Samuel ,Rial
Luis,Bellot Rubio
Jose Carlos,del Toro Iniesta
Sara,Esteban Pozuelo
Milan,Gosic
Iker,Requerey
Dominik,Utz
Jesús,Escobar
Olga,Muñoz
Albert,Casas Bou
Joaquín José,España Navarro
Daniel,Álvarez
Beatriz,Aparicio del Moral
María,Jiménez Balaguer
Juan Pedro,Cobos Carrascosa
Antonio,Ferriz Mas
Fernando J.,Girela Rejón
Miguel L.,Herranz de la Revilla
Pierre,Labrousse
Antonio,López Jiménez
Berta,Molina Farrugia
José L.,Ramos Más
Göran,Scharmer
Jaime,de la Cruz-Rodriguez
Dan,Kiselman
Mats,Löfdahl
Peter,Sütterlin
Hiva,Pazira
Javant,Joshi
Carolina,Robustini
Tine,Libbrecht
Jorrit,Leenaarts
Guss,Sliepen
Tomas,Hillberg
Lewis,Fox
Andrii,Sukhoroukov
Johan,Björgen
Axel,Brandenburg
Paul,Barklem
Bengt,Gustafsson
Oleg,Kochukhov
Jan Olof,Stenflo
René,Holzreuter
Luca,Belluzzi
Michele,Bianda
Edgar S.,Carlin
Renzo,Ramelli
Wolfgang,Finsterle
Margit,Haberreiter
Nuno,Guerreiro
Werner,Schmutz
Rinat,Tagirov
Rudolf,von Steiger
Lucia,Kleint
Arnold,Benz
Xing,Li
Huw,Morgan
Youra,Taroyan
Nathalia,Alzate
Joseph,Hutton
Gerry,Doyle
Maria,Madjarska
Stefano,Bagnulo
Julie,Shetye
Anthony,Yeates
Yvonne,Unruh
Will,Ball
Maria,Dasi Espuig
Leonard,Culhane
Louise,Harra
Sarah,Matthews
Lucie,Green
Lidia,Van Driel-Gesztelyi
David,Williams
Deb,Baker
David,Long
Gherardo,Valori
David,Pérez-Suárez
Stephanie,Yardley
William,Chaplin
Yvonne,Elsworth
Mihalis,Mathioudakis
David,Jess
Francis,Keenan
Peter,Keys
David,Kuridze
Vasco,Henriques
R.,Hewitt
Aaron,Reid
S.,Krihna Prasad
Keavin,Reardon
Sarah,McElroy
Alessandra,Giunta
Andrzej,Fludra
H.,Summers
M.,O'Mullane
Giulio,Del Zanna
Helen,Mason
Andrew,Hillier
Vanessa,Polito
Sargam,Mulay
Michael,Proctor
Jaroslav,Dudik
Will,Edmunds
Sagram,Mulay
Michael,Marsh
Robert,Walsh
Danielle,Bewsher
Daniel,Brown
Silvia,Dalla
Timo,Laitinen
Daniel,Lee
Bill,Swalwell
Andrew,Walker
Peter,Zelina
Mitchell,Berger
Claire,Foullon
Judith,de Patoul
Rungployphan ,Kieokaew
Declan,Diver
Lyndsay,Fletcher
Iain,Hannah
Natasha,Jeffrey
Nicolas,Labrosse
Hamish,Reid
Peter,Levens
Paolo,Simoes
Stephen,Brown
Graham,Kerr
Alec,MacKinnon
Paul,Wright
Robert, Erdélyi
Viktor,Fedun
Jain,Rehka
Itsvan,Ballai
Nabil ,Freij
Mariana,Korsos
Christopher,Nelson
Rahul,Sharma
Gary,Verth
Tamas,Kiss
Samuel,Bennet
Vasilis,Archontis
Ineke,De Moortel
Alan,Hood
Duncan,Mackay
Clare,Parnell
Thomas,Neukirch
Eric,Priest
Andy,Wright
Paolo,Pagano
Patrick,Antolin
Thomas,Conlon
Julie,Stevenson
James,Threlfall
Fiona,Wilson
Gunar,Stanislav
Craig,Johnston
Jennifer,O'Hara
Tom,Elsden
Jonatham,Hodgson
Eon Jui,Lee
Oliver,Allanson
Zoe,Sturrock
Alexei,Borissov
Ben,Williams
Erin,Goldstraw
Tom,Howson
C.M.,McNeill
Valery,Nakariakov
Erwin,Verwichte
Tony,Arber
Anne-Marie,Broomhall
Chris,Brady
Richard,Morton
Gert,Botha
James,McLaughlin
Stephane,Régnier
Eamon,Scullion
Sergiy,Shelyag
Valentina,Zharkova
Rytis,Dobranskis
Malcom,Druett
Krisna,Mooroogen
Ben,Snow
Nataliya,Shchukina
Andrii,Sukhorukov
Nina,Kondrashova
Margarita,Pasechnik
Svetlana,Chornogor
Olexa,Andrienko
Roman,Kostik
Vyacheslav,Olshevsky
Sergei,Osipov
Irina,Vasiljeva
Olena,Andriiets
Olena,Molochko
Vsevolod G.,Lozitsky
O.S.,Gopasuyk
